                  epoch,         train/box_loss,         train/cls_loss,         train/dfl_loss,   metrics/precision(B),      metrics/recall(B),       metrics/mAP50(B),    metrics/mAP50-95(B),           val/box_loss,           val/cls_loss,           val/dfl_loss,                 lr/pg0,                 lr/pg1,                 lr/pg2
                      1,                 1.4278,                  2.938,                 1.6483,                0.04231,                0.46734,                0.03957,                0.01564,                  2.242,                    inf,                 3.2016,             0.00035725,             0.00035725,             0.00035725
                      2,                 1.7443,                 2.9433,                 1.9532,                 0.0002,                0.01716,                0.00011,                  3e-05,                    nan,                    nan,                    nan,             0.00072699,             0.00072699,             0.00072699
                      3,                 1.8215,                 2.8526,                 1.9943,                  4e-05,                 0.0049,                  2e-05,                  1e-05,                    nan,                    nan,                    nan,              0.0010949,              0.0010949,              0.0010949
                      4,                   1.86,                 2.7936,                 1.9788,                  2e-05,                0.00245,                  1e-05,                      0,                    nan,                    nan,                    nan,              0.0014184,              0.0014184,              0.0014184
